{
  "runId": "invest_none_6",
  "ablation": "none",
  "runIndex": 6,
  "timestamp": "2026-07-12T04:15:55.197Z",
  "kendallTau": 0.3333333333333333,
  "decisionQuality": 67,
  "tauTrajectory": [
    0.3333333333333333,
    0.3333333333333333,
    0.3333333333333333,
    0.3333333333333333,
    0.3333333333333333
  ],
  "totalRounds": 5,
  "converged": false,
  "consensusLevel": 0.8904554884989668,
  "opinionDiversity": 0.0547722557505166,
  "totalInterventions": 0,
  "issuesDetected": [],
  "interventionEffects": [],
  "interventionBreakdown": {},
  "evaluationScores": {
    "consensus": 83.66571666447868,
    "reliability": 15.5,
    "dispersion": 78.1,
    "stability": 75,
    "influenceAnalysis": 70,
    "overall": 61.6
  },
  "rounds": [
    {
      "roundNumber": 1,
      "beliefs": {
        "a1": 0.3,
        "a2": 0.2,
        "a3": 0.2,
        "a4": 0.2,
        "a5": 0.1
      },
      "confidences": {
        "a1": 70,
        "a2": 70,
        "a3": 70,
        "a4": 70,
        "a5": 70
      },
      "converged": false,
      "issues": [],
      "interventions": [],
      "tau": 0.3333333333333333,
      "decisionQuality": 67,
      "evalScores": {
        "consensus": 83.1477671314745,
        "reliability": 14.1,
        "dispersion": 81.2,
        "stability": 75,
        "influenceAnalysis": 70,
        "overall": 61.7
      }
    },
    {
      "roundNumber": 2,
      "beliefs": {
        "a1": 0.3,
        "a2": 0.3,
        "a3": 0.3,
        "a4": 0.3,
        "a5": 0.2
      },
      "confidences": {
        "a1": 70,
        "a2": 70,
        "a3": 75,
        "a4": 80,
        "a5": 70
      },
      "converged": false,
      "issues": [],
      "interventions": [],
      "tau": 0.3333333333333333,
      "decisionQuality": 67,
      "evalScores": {
        "consensus": 83.96414414514558,
        "reliability": 14.7,
        "dispersion": 79.7,
        "stability": 75,
        "influenceAnalysis": 70,
        "overall": 61.8
      }
    },
    {
      "roundNumber": 3,
      "beliefs": {
        "a1": 0.3,
        "a2": 0.3,
        "a3": 0.3,
        "a4": 0.3,
        "a5": 0.2
      },
      "confidences": {
        "a1": 80,
        "a2": 75,
        "a3": 70,
        "a4": 85,
        "a5": 70
      },
      "converged": false,
      "issues": [],
      "interventions": [],
      "tau": 0.3333333333333333,
      "decisionQuality": 67,
      "evalScores": {
        "consensus": 83.96414414514558,
        "reliability": 15.3,
        "dispersion": 78.8,
        "stability": 75,
        "influenceAnalysis": 70,
        "overall": 61.7
      }
    },
    {
      "roundNumber": 4,
      "beliefs": {
        "a1": 0.3,
        "a2": 0.3,
        "a3": 0.2,
        "a4": 0.3,
        "a5": 0.2
      },
      "confidences": {
        "a1": 80,
        "a2": 75,
        "a3": 70,
        "a4": 85,
        "a5": 70
      },
      "converged": false,
      "issues": [],
      "interventions": [],
      "tau": 0.3333333333333333,
      "decisionQuality": 67,
      "evalScores": {
        "consensus": 86.66571666447868,
        "reliability": 15.4,
        "dispersion": 78.6,
        "stability": 75,
        "influenceAnalysis": 70,
        "overall": 62.3
      }
    },
    {
      "roundNumber": 5,
      "beliefs": {
        "a1": 0.3,
        "a2": 0.2,
        "a3": 0.3,
        "a4": 0.3,
        "a5": 0.2
      },
      "confidences": {
        "a1": 85,
        "a2": 70,
        "a3": 75,
        "a4": 85,
        "a5": 70
      },
      "converged": false,
      "issues": [],
      "interventions": [],
      "tau": 0.3333333333333333,
      "decisionQuality": 67,
      "evalScores": {
        "consensus": 83.66571666447868,
        "reliability": 15.5,
        "dispersion": 78.1,
        "stability": 75,
        "influenceAnalysis": 70,
        "overall": 61.6
      }
    }
  ],
  "finalDecision": "Final decision after 5 rounds (overall belief: 0.26 - neutral):\n\na1: 综合所有讨论数据，AlphaTech增速35%稳定，技术护城河高（4/5），利润率28%尚可，赛道契合AI芯片，虽面临NVIDIA竞争和专利到期风险，但仍是三者中最优。GammaEdge增速45%但下滑，利润率仅12%，监管风险高（4/5），市场萎缩，风险过大。BetaCore增速未知但增长平缓，护城河低但客户锁定强，监管风险低，但不符合高增长要求。基金策略强调高增长和高技术壁垒，AlphaTech最符合。\n\na2: 综合所有讨论数据，AlphaTech在AI芯片赛道具有技术壁垒和稳定增长，但面临NVIDIA主导和专利到期风险；GammaEdge增长最快但利润率低、监管风险高且市场萎缩；BetaCore虽增长平缓但客户锁定强、监管风险低，且企业SaaS利润率通常较高。基金策略强调AI和边缘计算，但GammaEdge风险过高，AlphaTech竞争激烈，BetaCore稳健性可能被低估。我需要BetaCore的增速和利润率数据来最终判断，目前倾向AlphaTech第一，BetaCore第二，GammaEdge第三。\n\na3: 尽管多数同事认为AlphaTech最优，但我掌握的技术护城河数据揭示：BetaCore的客户锁定型护城河（切换成本极高）比AlphaTech的专利护城河更持久。AlphaTech的4/5护城河依赖即将到期的专利，而BetaCore的2/5护城河实质是'客户跑不掉'的强壁垒。GammaEdge增速虽高但利润率低、监管风险大，且开源方案追赶，护城河不稳固。基金策略强调高增长和高技术壁垒，但BetaCore的稳健性和实际壁垒可能被低估。我需要BetaCore的增速和利润率数据来验证其是否符合高增长要求。目前倾向BetaCore第一，AlphaTech第二，GammaEdge第三。\n\na4: 作为风控合规官，我掌握BetaCore监管风险极低（1/5），GammaEdge正面临欧盟GDPR调查（4/5），AlphaTech风险未知但中美芯片管制升级可能带来地缘政治风险。结合其他同事数据：AlphaTech增速35%稳定，利润率28%尚可，技术护城河4/5但专利即将到期；GammaEdge增速45%但下滑，利润率12%偏低，技术护城河3/5，市场萎缩；BetaCore增速未知但客户锁定强，监管风险低。基金策略聚焦AI和边缘计算，但GammaEdge的监管风险和高罚款可能性使其不可接受。AlphaTech虽风险未知，但赛道龙头地位和稳定增长更优，且技术壁垒深厚。BetaCore增长平缓，不符合高增长要求。因此排名：AlphaTech第一，BetaCore第二，GammaEdge第三。\n\na5: 综合所有讨论数据，AlphaTech在AI芯片赛道具有技术壁垒和稳定增长，但面临NVIDIA主导和专利到期风险；GammaEdge增长最快但利润率低、监管风险高且市场萎缩；BetaCore虽增长平缓但客户锁定强、监管风险低，且企业SaaS市场规模大。基金策略强调AI和边缘计算，但GammaEdge风险过高，AlphaTech竞争激烈，BetaCore稳健性可能被低估。我需要BetaCore的增速和利润率数据来最终判断，目前倾向AlphaTech第一，BetaCore第二，GammaEdge第三。",
  "groundTruth": {
    "BetaCore (企业服务)": 1,
    "AlphaTech (AI芯片)": 2,
    "GammaEdge (边缘计算)": 3
  },
  "extractedRanking": [
    "AlphaTech (AI芯片)",
    "BetaCore (企业服务)",
    "GammaEdge (边缘计算)"
  ]
}