{
  "runId": "invest_none_4",
  "ablation": "none",
  "runIndex": 4,
  "timestamp": "2026-07-12T00:51:53.328Z",
  "kendallTau": 0.3333333333333333,
  "decisionQuality": 67,
  "tauTrajectory": [
    -0.3333333333333333,
    0.3333333333333333,
    0.3333333333333333,
    0.3333333333333333,
    0.3333333333333333
  ],
  "totalRounds": 5,
  "converged": false,
  "consensusLevel": 0.5527864045000421,
  "opinionDiversity": 0.22360679774997896,
  "totalInterventions": 0,
  "issuesDetected": [],
  "interventionEffects": [],
  "interventionBreakdown": {},
  "evaluationScores": {
    "consensus": 78.73863375370597,
    "reliability": 17,
    "dispersion": 77.5,
    "stability": 75,
    "influenceAnalysis": 70,
    "overall": 60.8
  },
  "rounds": [
    {
      "roundNumber": 1,
      "beliefs": {
        "a1": 0.3,
        "a2": 0.3,
        "a3": 0.2,
        "a4": -0.2,
        "a5": 0.2
      },
      "confidences": {
        "a1": 70,
        "a2": 70,
        "a3": 70,
        "a4": 70,
        "a5": 70
      },
      "converged": false,
      "issues": [],
      "interventions": [],
      "tau": -0.3333333333333333,
      "decisionQuality": 33,
      "evalScores": {
        "consensus": 76.63621739645639,
        "reliability": 14.1,
        "dispersion": 78.8,
        "stability": 75,
        "influenceAnalysis": 70,
        "overall": 60
      }
    },
    {
      "roundNumber": 2,
      "beliefs": {
        "a1": 0.3,
        "a2": 0.3,
        "a3": 0.2,
        "a4": -0.2,
        "a5": 0.2
      },
      "confidences": {
        "a1": 70,
        "a2": 75,
        "a3": 70,
        "a4": 80,
        "a5": 70
      },
      "converged": false,
      "issues": [],
      "interventions": [],
      "tau": 0.3333333333333333,
      "decisionQuality": 67,
      "evalScores": {
        "consensus": 76.63621739645639,
        "reliability": 14.7,
        "dispersion": 76.8,
        "stability": 75,
        "influenceAnalysis": 70,
        "overall": 59.7
      }
    },
    {
      "roundNumber": 3,
      "beliefs": {
        "a1": 0.3,
        "a2": 0.3,
        "a3": 0.2,
        "a4": -0.2,
        "a5": 0.3
      },
      "confidences": {
        "a1": 80,
        "a2": 80,
        "a3": 70,
        "a4": 85,
        "a5": 80
      },
      "converged": false,
      "issues": [],
      "interventions": [],
      "tau": 0.3333333333333333,
      "decisionQuality": 67,
      "evalScores": {
        "consensus": 76.09539072802876,
        "reliability": 15.9,
        "dispersion": 76.2,
        "stability": 75,
        "influenceAnalysis": 70,
        "overall": 59.8
      }
    },
    {
      "roundNumber": 4,
      "beliefs": {
        "a1": 0.3,
        "a2": 0.3,
        "a3": 0.3,
        "a4": -0.2,
        "a5": 0.3
      },
      "confidences": {
        "a1": 85,
        "a2": 80,
        "a3": 80,
        "a4": 85,
        "a5": 80
      },
      "converged": false,
      "issues": [],
      "interventions": [],
      "tau": 0.3333333333333333,
      "decisionQuality": 67,
      "evalScores": {
        "consensus": 75.73863375370597,
        "reliability": 16.5,
        "dispersion": 77.3,
        "stability": 75,
        "influenceAnalysis": 70,
        "overall": 60.1
      }
    },
    {
      "roundNumber": 5,
      "beliefs": {
        "a1": 0.3,
        "a2": 0.3,
        "a3": 0.3,
        "a4": -0.2,
        "a5": 0.3
      },
      "confidences": {
        "a1": 85,
        "a2": 80,
        "a3": 85,
        "a4": 85,
        "a5": 85
      },
      "converged": false,
      "issues": [],
      "interventions": [],
      "tau": 0.3333333333333333,
      "decisionQuality": 67,
      "evalScores": {
        "consensus": 78.73863375370597,
        "reliability": 17,
        "dispersion": 77.5,
        "stability": 75,
        "influenceAnalysis": 70,
        "overall": 60.8
      }
    }
  ],
  "finalDecision": "Final decision after 5 rounds (overall belief: 0.20 - neutral):\n\na1: 综合所有讨论，AlphaTech在AI芯片赛道技术壁垒高（护城河4/5），增速稳定35%，利润率28%尚可，且符合CEO强调的AI核心赛道。虽然面临NVIDIA竞争和专利到期风险，但风险可控。GammaEdge增速最高45%但利润率低、监管风险高、TAM下调，且增速从65%下降，可持续性存疑。BetaCore虽风险极低、客户锁定强，但增长平缓，不符合高增长要求。因此排名：AlphaTech第一，BetaCore第二，GammaEdge第三。\n\na2: 综合所有讨论，AlphaTech在AI芯片赛道技术壁垒高（护城河4/5），增速稳定（35%），利润率28%尚可，但面临NVIDIA竞争和专利到期风险。GammaEdge增速最高（45%）但利润率低（12%），监管风险高（4/5），市场TAM下调。BetaCore虽增长平缓，但客户锁定强、监管风险极低（1/5），财务稳健，且SaaS利润率通常较高。基金策略强调高增长和高技术壁垒，AlphaTech在两者间平衡最好，GammaEdge风险过高，BetaCore增长不足。因此排名：AlphaTech第一，BetaCore第二，GammaEdge第三。\n\na3: 综合所有数据，AlphaTech在AI芯片赛道技术壁垒高（护城河4/5），增速稳定（35%），利润率28%尚可，但面临NVIDIA竞争（占80%份额）和专利到期风险，TAM虽大但实际空间有限。GammaEdge增速最高（45%）但利润率低（12%），监管风险高（4/5），且TAM连续下调（从$10B降至$6B），赛道萎缩。BetaCore虽增长平缓，但客户切换成本极高（护城河2/5但锁定持久），监管风险极低（1/5），财务稳健，且企业SaaS市场巨大。CEO强调AI和边缘计算，但需平衡风险与回报。AlphaTech最符合赛道且风险可控，BetaCore稳健性被低估，GammaEdge风险过高。因此排名：AlphaTech第一，BetaCore第二，GammaEdge第三。\n\na4: 作为风控合规官，我坚持风险优先。BetaCore监管风险极低（1/5），财务稳健，客户锁定强，虽然增长平缓但符合长期价值。GammaEdge监管风险高（4/5），欧盟调查可能带来巨额罚款，且增速放缓、利润率低。AlphaTech风险未知，但中美芯片管制升级和专利到期、NVIDIA竞争构成重大不确定性。CEO强调AI和边缘计算，但高增长不能忽视风险。综合各方数据，BetaCore风险最低，AlphaTech次之，GammaEdge风险最高。因此排名：BetaCore第一，AlphaTech第二，GammaEdge第三。\n\na5: 综合所有数据，AlphaTech在AI芯片赛道技术壁垒高（护城河4/5），增速稳定（35%），利润率28%尚可，但面临NVIDIA竞争（占80%份额）和专利到期风险，TAM虽大但实际空间有限。GammaEdge增速最高（45%）但利润率低（12%），监管风险高（4/5），且TAM连续下调（从$10B降至$6B），赛道萎缩。BetaCore虽增长平缓，但客户切换成本极高（护城河2/5但锁定持久），监管风险极低（1/5），财务稳健，且企业SaaS市场巨大。CEO强调AI和边缘计算，但需平衡风险与回报。AlphaTech最符合赛道且风险可控，BetaCore稳健性被低估，GammaEdge风险过高。因此排名：AlphaTech第一，BetaCore第二，GammaEdge第三。",
  "groundTruth": {
    "BetaCore (企业服务)": 1,
    "AlphaTech (AI芯片)": 2,
    "GammaEdge (边缘计算)": 3
  },
  "extractedRanking": [
    "AlphaTech (AI芯片)",
    "BetaCore (企业服务)",
    "GammaEdge (边缘计算)"
  ]
}