{
  "runId": "invest_none_13",
  "ablation": "none",
  "runIndex": 13,
  "timestamp": "2026-07-12T04:18:13.650Z",
  "kendallTau": 0.3333333333333333,
  "decisionQuality": 67,
  "tauTrajectory": [
    0.3333333333333333,
    0.3333333333333333,
    0.3333333333333333,
    0.3333333333333333,
    0.3333333333333333
  ],
  "totalRounds": 5,
  "converged": false,
  "consensusLevel": 0.8211145618000169,
  "opinionDiversity": 0.0894427190999916,
  "totalInterventions": 0,
  "issuesDetected": [],
  "interventionEffects": [],
  "interventionBreakdown": {},
  "evaluationScores": {
    "consensus": 82.46883028915998,
    "reliability": 15.9,
    "dispersion": 79,
    "stability": 75,
    "influenceAnalysis": 70,
    "overall": 61.6
  },
  "rounds": [
    {
      "roundNumber": 1,
      "beliefs": {
        "a1": 0.3,
        "a2": 0.2,
        "a3": 0.2,
        "a4": 0.2,
        "a5": -0.2
      },
      "confidences": {
        "a1": 70,
        "a2": 70,
        "a3": 70,
        "a4": 60,
        "a5": 70
      },
      "converged": false,
      "issues": [],
      "interventions": [],
      "tau": 0.3333333333333333,
      "decisionQuality": 67,
      "evalScores": {
        "consensus": 77.36197905583512,
        "reliability": 13.7,
        "dispersion": 77,
        "stability": 75,
        "influenceAnalysis": 70,
        "overall": 59.6
      }
    },
    {
      "roundNumber": 2,
      "beliefs": {
        "a1": 0.5,
        "a2": 0.3,
        "a3": 0.2,
        "a4": 0.2,
        "a5": 0.1
      },
      "confidences": {
        "a1": 80,
        "a2": 75,
        "a3": 70,
        "a4": 70,
        "a5": 70
      },
      "converged": false,
      "issues": [],
      "interventions": [],
      "tau": 0.3333333333333333,
      "decisionQuality": 67,
      "evalScores": {
        "consensus": 79.66028527853052,
        "reliability": 14.7,
        "dispersion": 77.8,
        "stability": 75,
        "influenceAnalysis": 70,
        "overall": 60.5
      }
    },
    {
      "roundNumber": 3,
      "beliefs": {
        "a1": 0.5,
        "a2": 0.3,
        "a3": 0.3,
        "a4": 0.3,
        "a5": 0.3
      },
      "confidences": {
        "a1": 75,
        "a2": 70,
        "a3": 75,
        "a4": 75,
        "a5": 70
      },
      "converged": false,
      "issues": [],
      "interventions": [],
      "tau": 0.3333333333333333,
      "decisionQuality": 67,
      "evalScores": {
        "consensus": 82.46883028915998,
        "reliability": 14.7,
        "dispersion": 79.7,
        "stability": 75,
        "influenceAnalysis": 70,
        "overall": 61.5
      }
    },
    {
      "roundNumber": 4,
      "beliefs": {
        "a1": 0.5,
        "a2": 0.3,
        "a3": 0.3,
        "a4": 0.3,
        "a5": 0.3
      },
      "confidences": {
        "a1": 80,
        "a2": 70,
        "a3": 70,
        "a4": 75,
        "a5": 75
      },
      "converged": false,
      "issues": [],
      "interventions": [],
      "tau": 0.3333333333333333,
      "decisionQuality": 67,
      "evalScores": {
        "consensus": 82.46883028915998,
        "reliability": 14.9,
        "dispersion": 79,
        "stability": 75,
        "influenceAnalysis": 70,
        "overall": 61.4
      }
    },
    {
      "roundNumber": 5,
      "beliefs": {
        "a1": 0.5,
        "a2": 0.3,
        "a3": 0.3,
        "a4": 0.3,
        "a5": 0.3
      },
      "confidences": {
        "a1": 85,
        "a2": 75,
        "a3": 80,
        "a4": 80,
        "a5": 75
      },
      "converged": false,
      "issues": [],
      "interventions": [],
      "tau": 0.3333333333333333,
      "decisionQuality": 67,
      "evalScores": {
        "consensus": 82.46883028915998,
        "reliability": 15.9,
        "dispersion": 79,
        "stability": 75,
        "influenceAnalysis": 70,
        "overall": 61.6
      }
    }
  ],
  "finalDecision": "Final decision after 5 rounds (overall belief: 0.34 - positive):\n\na1: 综合所有讨论数据，AlphaTech在AI芯片赛道增速35%稳健，利润率28%高，技术护城河4/5，虽面临专利到期和芯片管制风险，但整体符合高增长和高技术壁垒策略。GammaEdge增速45%但放缓，利润率低，TAM下调，且有GDPR调查风险，风险较高。BetaCore增速未知但传统SaaS增长平缓，护城河低但客户切换成本高，财务稳健但不符合高增长策略。CEO强调AI和边缘计算，AlphaTech和GammaEdge更符合赛道，但GammaEdge风险过多。因此排名：AlphaTech第一，GammaEdge第二，BetaCore第三。\n\na2: 综合所有讨论，AlphaTech在AI芯片赛道具有高增速（35%）、较高利润率（28%）和高技术护城河（4/5），但面临专利到期和中美芯片管制风险。GammaEdge增速最高（45%）但放缓，利润率低（12%），TAM下调，且有GDPR调查风险，风险较高。BetaCore虽增长平缓，但客户切换成本高、监管风险低，且企业SaaS利润率通常较高，可能被低估。CEO强调AI和边缘计算，但AlphaTech和GammaEdge均有明显风险，而BetaCore的稳定性可能被低估。考虑到GammaEdge的多个风险，将其排在最后。AlphaTech和BetaCore之间，AlphaTech更符合高增长策略，但风险也不小；BetaCore的稳定性可能被低估，且缺乏利润率数据。因此排名：AlphaTech第一，BetaCore第二，GammaEdge第三。\n\na3: 综合所有讨论，AlphaTech在AI芯片赛道增速35%稳健，利润率28%高，技术护城河4/5但面临专利到期和芯片管制风险；GammaEdge增速45%但放缓，利润率低，TAM下调，且有GDPR调查风险，风险较高；BetaCore虽增长平缓，但客户切换成本极高（护城河2/5但实际壁垒持久），监管风险低，且企业SaaS可能受益于AI应用。CEO强调AI和边缘计算，但AlphaTech和GammaEdge均有明显风险，BetaCore的稳定性被低估。考虑到GammaEdge的多个风险，将其排在最后。AlphaTech和BetaCore之间，AlphaTech更符合高增长策略，但风险也不小；BetaCore的稳定性可能被低估。因此排名：AlphaTech第一，BetaCore第二，GammaEdge第三。\n\na4: 作为风控合规官，我优先关注监管风险。BetaCore几乎无监管风险（评分1/5），但增长平缓，不符合高增长策略。GammaEdge有正在进行的欧盟GDPR调查（风险评分4/5），风险较高。AlphaTech是AI芯片龙头，技术壁垒高，但中美芯片管制升级可能带来风险，且我缺乏其具体监管数据。综合其他同事数据：AlphaTech增速35%稳健，利润率28%高，技术护城河4/5但专利到期风险；GammaEdge增速45%但放缓，利润率12%低，TAM下调；BetaCore增速未知，护城河2/5但客户切换成本高。CEO强调AI和边缘计算，但GammaEdge的监管风险和高增长放缓使其吸引力下降。AlphaTech虽有管制风险，但赛道龙头地位和稳健财务更优。BetaCore虽低风险但增长平缓，不符合核心赛道。因此排名：AlphaTech第一，GammaEdge第二，BetaCore第三。\n\na5: 综合所有讨论，AlphaTech在AI芯片赛道具有高增速（35%）、高利润率（28%）和高技术护城河（4/5），但面临专利到期和中美芯片管制风险。GammaEdge增速最高（45%）但放缓，利润率低（12%），TAM从$10B下调至$6B，且有GDPR调查风险，整体风险较高。BetaCore虽增长平缓，但客户切换成本高、监管风险低，且企业SaaS市场可能很大，财务稳健性可能被低估。CEO强调AI和边缘计算，但AlphaTech和GammaEdge均有明显风险，而BetaCore可能受益于AI应用。考虑到GammaEdge的TAM下调趋势和多重风险，将其排在最后。AlphaTech和BetaCore之间，AlphaTech更符合高增长策略，但风险也不小；BetaCore的稳定性可能被低估。因此排名：AlphaTech第一，BetaCore第二，GammaEdge第三。",
  "groundTruth": {
    "BetaCore (企业服务)": 1,
    "AlphaTech (AI芯片)": 2,
    "GammaEdge (边缘计算)": 3
  },
  "extractedRanking": [
    "AlphaTech (AI芯片)",
    "BetaCore (企业服务)",
    "GammaEdge (边缘计算)"
  ]
}