{
  "runId": "invest_full_reflection_4",
  "ablation": "full_reflection",
  "runIndex": 4,
  "timestamp": "2026-07-12T01:00:11.873Z",
  "kendallTau": -0.3333333333333333,
  "decisionQuality": 33,
  "tauTrajectory": [
    -0.3333333333333333,
    0.3333333333333333,
    -0.3333333333333333,
    -0.3333333333333333,
    -0.3333333333333333
  ],
  "totalRounds": 5,
  "converged": false,
  "consensusLevel": 0.696684982237938,
  "opinionDiversity": 0.15165750888103102,
  "totalInterventions": 0,
  "issuesDetected": [],
  "interventionEffects": [],
  "interventionBreakdown": {},
  "evaluationScores": {
    "consensus": 79.68486072094356,
    "reliability": 16.3,
    "dispersion": 78.8,
    "stability": 75,
    "influenceAnalysis": 70,
    "overall": 61.1
  },
  "rounds": [
    {
      "roundNumber": 1,
      "beliefs": {
        "a1": 0.6,
        "a2": 0.2,
        "a3": 0.2,
        "a4": 0.2,
        "a5": 0.1
      },
      "confidences": {
        "a1": 75,
        "a2": 70,
        "a3": 70,
        "a4": 70,
        "a5": 60
      },
      "converged": false,
      "issues": [],
      "interventions": [],
      "tau": -0.3333333333333333,
      "decisionQuality": 33,
      "evalScores": {
        "consensus": 77.36197905583512,
        "reliability": 13.9,
        "dispersion": 76.6,
        "stability": 75,
        "influenceAnalysis": 70,
        "overall": 59.6
      }
    },
    {
      "roundNumber": 2,
      "beliefs": {
        "a1": 0.6,
        "a2": 0.3,
        "a3": 0.2,
        "a4": 0.2,
        "a5": 0.3
      },
      "confidences": {
        "a1": 80,
        "a2": 70,
        "a3": 75,
        "a4": 75,
        "a5": 70
      },
      "converged": false,
      "issues": [],
      "interventions": [],
      "tau": 0.3333333333333333,
      "decisionQuality": 67,
      "evalScores": {
        "consensus": 79.02436205184526,
        "reliability": 14.9,
        "dispersion": 77.7,
        "stability": 75,
        "influenceAnalysis": 70,
        "overall": 60.4
      }
    },
    {
      "roundNumber": 3,
      "beliefs": {
        "a1": 0.6,
        "a2": 0.3,
        "a3": 0.3,
        "a4": 0.2,
        "a5": 0.3
      },
      "confidences": {
        "a1": 75,
        "a2": 75,
        "a3": 75,
        "a4": 70,
        "a5": 75
      },
      "converged": false,
      "issues": [],
      "interventions": [],
      "tau": -0.3333333333333333,
      "decisionQuality": 33,
      "evalScores": {
        "consensus": 79.68486072094356,
        "reliability": 14.9,
        "dispersion": 78.8,
        "stability": 75,
        "influenceAnalysis": 70,
        "overall": 60.8
      }
    },
    {
      "roundNumber": 4,
      "beliefs": {
        "a1": 0.6,
        "a2": 0.3,
        "a3": 0.3,
        "a4": 0.2,
        "a5": 0.3
      },
      "confidences": {
        "a1": 80,
        "a2": 75,
        "a3": 75,
        "a4": 70,
        "a5": 75
      },
      "converged": false,
      "issues": [],
      "interventions": [],
      "tau": -0.3333333333333333,
      "decisionQuality": 33,
      "evalScores": {
        "consensus": 79.68486072094356,
        "reliability": 15.1,
        "dispersion": 78.2,
        "stability": 75,
        "influenceAnalysis": 70,
        "overall": 60.7
      }
    },
    {
      "roundNumber": 5,
      "beliefs": {
        "a1": 0.6,
        "a2": 0.3,
        "a3": 0.3,
        "a4": 0.2,
        "a5": 0.3
      },
      "confidences": {
        "a1": 85,
        "a2": 80,
        "a3": 80,
        "a4": 80,
        "a5": 80
      },
      "converged": false,
      "issues": [],
      "interventions": [],
      "tau": -0.3333333333333333,
      "decisionQuality": 33,
      "evalScores": {
        "consensus": 79.68486072094356,
        "reliability": 16.3,
        "dispersion": 78.8,
        "stability": 75,
        "influenceAnalysis": 70,
        "overall": 61.1
      }
    }
  ],
  "finalDecision": "Final decision after 5 rounds (overall belief: 0.34 - positive):\n\na1: 综合所有讨论数据，AlphaTech营收增速35%且稳定，技术壁垒高（护城河4/5），符合AI芯片核心赛道，但面临NVIDIA竞争和专利到期风险，且监管风险未知。GammaEdge增速45%但减速，利润率低（12%），监管风险高（4/5），TAM萎缩。BetaCore增长平缓但客户切换成本高、监管风险极低，财务稳健。CEO强调高增长和高技术壁垒，AlphaTech和GammaEdge更符合赛道，但GammaEdge风险过高；BetaCore虽稳健但增长不符策略。因此排名：AlphaTech第一，GammaEdge第二，BetaCore第三。\n\na2: 综合所有讨论数据，AlphaTech在AI芯片赛道技术壁垒高（护城河4/5），营收增速稳定35%，利润率28%尚可，符合CEO强调的AI核心赛道。但面临NVIDIA竞争、专利到期风险和未知监管风险（中美芯片管制）。GammaEdge增速45%但放缓，利润率低12%，监管风险高（4/5），TAM萎缩，风险过高。BetaCore增长平缓但客户锁定强、监管风险极低，企业SaaS利润率通常较高，财务稳健，但增长不符策略。考虑到基金策略聚焦高增长和高技术壁垒，AlphaTech在赛道和增长上最优，但需关注风险；GammaEdge风险过高；BetaCore虽稳健但增长不符策略。因此排名：AlphaTech第一，GammaEdge第二，BetaCore第三。\n\na3: 综合所有讨论，AlphaTech在AI芯片赛道技术壁垒高（护城河4/5），营收增速35%稳定，利润率28%，符合CEO强调的AI核心赛道。但面临NVIDIA竞争、专利到期风险以及未知的监管风险（中美芯片管制）。GammaEdge增速45%但放缓，利润率低12%，监管风险高（4/5），TAM萎缩，风险过高。BetaCore增长平缓但客户切换成本高、监管风险极低，财务稳健，但增长不符策略。考虑到基金策略聚焦高增长和高技术壁垒，AlphaTech在赛道和增长上最优，但需关注风险；GammaEdge风险过高；BetaCore虽稳健但增长平缓。因此排名：AlphaTech第一，GammaEdge第二，BetaCore第三。\n\na4: 作为风控合规官，我优先关注监管风险。BetaCore监管风险极低（1/5），GammaEdge因GDPR调查风险高（4/5），AlphaTech风险未知但中美芯片管制可能带来不确定性。结合其他同事数据：AlphaTech增速35%且技术壁垒高，但面临NVIDIA竞争和专利到期风险；GammaEdge增速45%但放缓，利润率低，TAM萎缩；BetaCore增长平缓但客户锁定强，财务稳健。CEO强调AI和边缘计算为核心赛道，但GammaEdge的高监管风险可能抵消其增长优势。AlphaTech若风险可控则最优，但信息缺口需填补。BetaCore虽低风险但增长不符策略。综合来看，AlphaTech在赛道和增长上最优，但需确认监管风险；GammaEdge风险过高；BetaCore稳健但增长平缓。因此排名：AlphaTech第一，GammaEdge第二，BetaCore第三。\n\na5: 综合所有讨论，AlphaTech在AI芯片赛道技术壁垒高、营收增速稳定，符合CEO强调的AI核心赛道，但面临NVIDIA竞争、专利到期和监管风险未知。GammaEdge增速虽高但放缓，利润率低，TAM持续萎缩，监管风险高，风险过大。BetaCore增长平缓但客户锁定强、监管风险极低，财务稳健，但增长不符策略。考虑到基金策略聚焦高增长和高技术壁垒，AlphaTech在赛道和增长上最优，但需关注风险；GammaEdge风险过高；BetaCore虽稳健但增长平缓。因此排名：AlphaTech第一，GammaEdge第二，BetaCore第三。",
  "groundTruth": {
    "BetaCore (企业服务)": 1,
    "AlphaTech (AI芯片)": 2,
    "GammaEdge (边缘计算)": 3
  },
  "extractedRanking": [
    "AlphaTech (AI芯片)",
    "GammaEdge (边缘计算)",
    "BetaCore (企业服务)"
  ]
}