{
  "runId": "fraud_C_content_driven_3",
  "group": "C",
  "runIndex": 3,
  "speakMode": "content_driven",
  "timestamp": "2026-07-17T12:33:06.772Z",
  "kendallTau": 0.2,
  "decisionQuality": 60,
  "totalRounds": 8,
  "totalUtterances": 15,
  "converged": false,
  "terminationReason": "strong_crystallized (强结晶态（R=0.997, T=0.045, H=0.000），立即终止（不可逆收敛）)",
  "thermoHistory": [
    {
      "R": 0.9586108332671962,
      "T": 0.1847297167974492,
      "H": 0.5904362833084089,
      "F": 0.15046029413530465,
      "utteranceCount": 4,
      "evalIndex": 0
    },
    {
      "R": 0.9665790899894873,
      "T": 0.16602877716260836,
      "H": 0.31091750708257115,
      "F": 0.08504216350987864,
      "utteranceCount": 7,
      "evalIndex": 1
    },
    {
      "R": 0.9654325956200175,
      "T": 0.16896363023931255,
      "H": 0.31091750708257115,
      "F": 0.0871011550816109,
      "utteranceCount": 10,
      "evalIndex": 2
    },
    {
      "R": 0.9974641679313235,
      "T": 0.04535677554092073,
      "H": 0,
      "F": 0.002535832068676469,
      "utteranceCount": 15,
      "evalIndex": 3
    }
  ],
  "finalBeliefs": {
    "a1": -0.06720955677046853,
    "a2": 0.004862638326561697,
    "a3": -0.12487963436866767,
    "a4": -0.046345828133036046,
    "a5": -0.013094487582153785
  }
}