{
  "runId": "fraud_D_6",
  "group": "D",
  "runIndex": 6,
  "speakMode": "random_prob",
  "timestamp": "2026-07-16T05:40:32.769Z",
  "kendallTau": 0.4,
  "decisionQuality": 70,
  "totalRounds": 14,
  "totalUtterances": 30,
  "converged": false,
  "terminationReason": "completed",
  "thermoHistory": [],
  "finalBeliefs": {
    "a1": 0.8134331449225636,
    "a2": -0.45104816391367497,
    "a3": 0.7916183361422926,
    "a4": 0.7092505227159684,
    "a5": 0.8431953932189108
  }
}