{
  "runId": "fraud_A_7",
  "group": "A",
  "runIndex": 7,
  "timestamp": "2026-07-15T14:03:22.943Z",
  "kendallTau": 1,
  "decisionQuality": 100,
  "totalRounds": 5,
  "totalUtterances": 25,
  "converged": false,
  "terminationReason": "fixed_5_rounds",
  "thermoHistory": [],
  "finalBeliefs": {
    "a1": -0.05879999999999999,
    "a2": 0.5892000000000001,
    "a3": 0.5892000000000001,
    "a4": 0.42,
    "a5": 0.01319999999999999
  }
}