{
  "runId": "fraud_C_content_driven_5",
  "group": "C",
  "runIndex": 5,
  "speakMode": "content_driven",
  "timestamp": "2026-07-16T05:56:44.220Z",
  "kendallTau": 0.8,
  "decisionQuality": 90,
  "totalRounds": 9,
  "totalUtterances": 14,
  "converged": true,
  "terminationReason": "strong_crystallized (强结晶态（R=0.991, T=0.087, H=0.000），立即终止（不可逆收敛）)",
  "thermoHistory": [
    {
      "R": 0.7562233895780002,
      "T": 0.48399420822980926,
      "H": 0.5904362833084089,
      "F": 0.5295443518720045,
      "utteranceCount": 5,
      "evalIndex": 0
    },
    {
      "R": 0.9053883723653284,
      "T": 0.28451959941480304,
      "H": 0.31091750708257115,
      "F": 0.1830737522008539,
      "utteranceCount": 8,
      "evalIndex": 1
    },
    {
      "R": 0.9790875805436713,
      "T": 0.13078769097031065,
      "H": 0.31091750708257115,
      "F": 0.0615766022899034,
      "utteranceCount": 11,
      "evalIndex": 2
    },
    {
      "R": 0.9907730506223167,
      "T": 0.08659511660753669,
      "H": 0,
      "F": 0.009226949377683313,
      "utteranceCount": 14,
      "evalIndex": 3
    }
  ],
  "finalBeliefs": {
    "a1": 0.2893338946874999,
    "a2": 0.347226501125,
    "a3": 0.208776065,
    "a4": 0.44560879362652145,
    "a5": 0.42080195245886287
  }
}