{
  "runId": "fraud_B_1",
  "group": "B",
  "runIndex": 1,
  "timestamp": "2026-07-15T14:11:19.160Z",
  "kendallTau": 0.6,
  "decisionQuality": 80,
  "totalRounds": 5,
  "totalUtterances": 13,
  "converged": true,
  "terminationReason": "completed",
  "thermoHistory": [],
  "finalBeliefs": {
    "a1": 0.6765,
    "a2": 0.27197439999999995,
    "a3": 0.006660423250000047,
    "a4": 0.20868704640000002,
    "a5": -0.03769147214921442
  }
}