{
  "runId": "fraud_D_7",
  "group": "D",
  "runIndex": 7,
  "speakMode": "random_prob",
  "timestamp": "2026-07-16T05:42:18.590Z",
  "kendallTau": 0.8,
  "decisionQuality": 90,
  "totalRounds": 17,
  "totalUtterances": 28,
  "converged": true,
  "terminationReason": "completed",
  "thermoHistory": [],
  "finalBeliefs": {
    "a1": 0.5588437211304416,
    "a2": 0.8903077320307271,
    "a3": -0.05398595562604672,
    "a4": 0.6290240774193508,
    "a5": 0.857104064624733
  }
}