{
  "runId": "fraud_C_content_driven_0",
  "group": "C",
  "runIndex": 0,
  "speakMode": "content_driven",
  "timestamp": "2026-07-18T14:02:55.582Z",
  "kendallTau": 0.4,
  "decisionQuality": 70,
  "totalRounds": 7,
  "totalUtterances": 19,
  "converged": true,
  "terminationReason": "crystallized (连续 3 次结晶态（R=0.986, T=0.107, H=0.000），系统已冻结)",
  "thermoHistory": [
    {
      "R": 0.9102704753631438,
      "T": 0.27282491381836815,
      "H": 0.4181656600790516,
      "F": 0.20381553480972453,
      "utteranceCount": 5,
      "evalIndex": 0
    },
    {
      "R": 0.9636403319508406,
      "T": 0.17321225397201687,
      "H": 0.4181656600790516,
      "F": 0.10879108456514812,
      "utteranceCount": 10,
      "evalIndex": 1
    },
    {
      "R": 0.979375034661248,
      "T": 0.129877027318842,
      "H": 0.31091750708257115,
      "F": 0.061006006900021365,
      "utteranceCount": 15,
      "evalIndex": 2
    },
    {
      "R": 0.985928266270942,
      "T": 0.10719181496897988,
      "H": 0,
      "F": 0.014071733729058011,
      "utteranceCount": 19,
      "evalIndex": 3
    }
  ],
  "finalBeliefs": {
    "a1": -0.2600055620987053,
    "a2": -0.3001895818902152,
    "a3": -0.31957942627954966,
    "a4": -0.5538253599999999,
    "a5": -0.28189508468323105
  }
}