{
  "runId": "fraud_D_4",
  "group": "D",
  "runIndex": 4,
  "speakMode": "random_prob",
  "timestamp": "2026-07-16T05:36:58.356Z",
  "kendallTau": 0.6,
  "decisionQuality": 80,
  "totalRounds": 13,
  "totalUtterances": 19,
  "converged": true,
  "terminationReason": "completed",
  "thermoHistory": [],
  "finalBeliefs": {
    "a1": 0.21233218473800783,
    "a2": -0.10005392177685177,
    "a3": 0.9521061293780804,
    "a4": -0.20301451959657638,
    "a5": 0.038493230472844475
  }
}