{
  "runId": "fraud_D_0",
  "group": "D",
  "runIndex": 0,
  "speakMode": "random_prob",
  "timestamp": "2026-07-16T05:31:30.975Z",
  "kendallTau": 0.6,
  "decisionQuality": 80,
  "totalRounds": 18,
  "totalUtterances": 30,
  "converged": false,
  "terminationReason": "completed",
  "thermoHistory": [],
  "finalBeliefs": {
    "a1": 0.07275756881826582,
    "a2": 0.5111356663998953,
    "a3": 0.6280604566876483,
    "a4": 0.5392263411225601,
    "a5": 0.6922893290747507
  }
}