{
  "runId": "fraud_D_2",
  "group": "D",
  "runIndex": 2,
  "speakMode": "random_prob",
  "timestamp": "2026-07-16T05:34:30.906Z",
  "kendallTau": 0.6,
  "decisionQuality": 80,
  "totalRounds": 17,
  "totalUtterances": 31,
  "converged": true,
  "terminationReason": "completed",
  "thermoHistory": [],
  "finalBeliefs": {
    "a1": 0.28668211760000006,
    "a2": 0.6244191638467317,
    "a3": 0.05036246268878797,
    "a4": 0.14566722599999998,
    "a5": 0.699225
  }
}