{
  "runId": "fraud_C_content_driven_3",
  "group": "C",
  "runIndex": 3,
  "speakMode": "content_driven",
  "timestamp": "2026-07-18T14:08:15.719Z",
  "kendallTau": 0.6,
  "decisionQuality": 80,
  "totalRounds": 5,
  "totalUtterances": 12,
  "converged": true,
  "terminationReason": "strong_crystallized (强结晶态（R=0.990, T=0.089, H=0.000），立即终止（不可逆收敛）)",
  "thermoHistory": [
    {
      "R": 0.8195335510322662,
      "T": 0.3908053960732886,
      "H": 0.6554587535412855,
      "F": 0.4366232667551399,
      "utteranceCount": 5,
      "evalIndex": 0
    },
    {
      "R": 0.9791926249912862,
      "T": 0.13041125550926996,
      "H": 0.31091750708257115,
      "F": 0.06135451746716421,
      "utteranceCount": 9,
      "evalIndex": 1
    },
    {
      "R": 0.9901844920343181,
      "T": 0.08933104168179956,
      "H": 0,
      "F": 0.009815507965681869,
      "utteranceCount": 12,
      "evalIndex": 2
    }
  ],
  "finalBeliefs": {
    "a1": 0.192845771804,
    "a2": 0.1448417220275,
    "a3": -0.06330084452277913,
    "a4": 0.05975217649782142,
    "a5": 0.03271113771225946
  }
}