{
  "runId": "fraud_D_content_driven_4",
  "group": "D",
  "runIndex": 4,
  "speakMode": "content_driven",
  "timestamp": "2026-07-16T12:43:42.185Z",
  "kendallTau": 0,
  "decisionQuality": 50,
  "totalRounds": 10,
  "totalUtterances": 21,
  "converged": false,
  "terminationReason": "completed",
  "thermoHistory": [],
  "finalBeliefs": {
    "a1": 0.07021041085603263,
    "a2": 0.5147505357305251,
    "a3": -0.24271642825406262,
    "a4": -0.07486221578238948,
    "a5": 0.07771830620301312
  }
}