{
  "runId": "fraud_A_9",
  "group": "A",
  "runIndex": 9,
  "timestamp": "2026-07-15T14:06:43.739Z",
  "kendallTau": 0.8,
  "decisionQuality": 90,
  "totalRounds": 5,
  "totalUtterances": 25,
  "converged": false,
  "terminationReason": "fixed_5_rounds",
  "thermoHistory": [],
  "finalBeliefs": {
    "a1": -0.41263014461205283,
    "a2": 0.23491813518536897,
    "a3": 0.7886613996251907,
    "a4": 0.4532089865481681,
    "a5": 0.25555818415460285
  }
}