{
  "runId": "fraud_C_content_driven_3",
  "group": "C",
  "runIndex": 3,
  "speakMode": "content_driven",
  "timestamp": "2026-07-16T05:54:47.708Z",
  "kendallTau": 1,
  "decisionQuality": 100,
  "totalRounds": 9,
  "totalUtterances": 15,
  "converged": true,
  "terminationReason": "crystallized (连续 2 次结晶态（R=0.982, T=0.120, H=0.311），系统已冻结)",
  "thermoHistory": [
    {
      "R": 0.6712868292766093,
      "T": 0.5391074104480479,
      "H": 0.4181656600790516,
      "F": 0.5541493768669068,
      "utteranceCount": 5,
      "evalIndex": 0
    },
    {
      "R": 0.8944790226568562,
      "T": 0.2957766410737264,
      "H": 0.6554587535412855,
      "F": 0.2993903658279567,
      "utteranceCount": 8,
      "evalIndex": 1
    },
    {
      "R": 0.9691818686045272,
      "T": 0.15878747973979895,
      "H": 0.31091750708257115,
      "F": 0.08018793875209541,
      "utteranceCount": 12,
      "evalIndex": 2
    },
    {
      "R": 0.982336949640127,
      "T": 0.11995414964356232,
      "H": 0.31091750708257115,
      "F": 0.05495889553125912,
      "utteranceCount": 15,
      "evalIndex": 3
    }
  ],
  "finalBeliefs": {
    "a1": 0.6539999999999999,
    "a2": 0.3743020884239999,
    "a3": 0.33933055944017976,
    "a4": 0.38958640770953123,
    "a5": 0.5463026690179064
  }
}