{
  "runId": "fraud_A_4",
  "group": "A",
  "runIndex": 4,
  "timestamp": "2026-07-15T13:58:16.311Z",
  "kendallTau": 0.8,
  "decisionQuality": 90,
  "totalRounds": 5,
  "totalUtterances": 25,
  "converged": false,
  "terminationReason": "fixed_5_rounds",
  "thermoHistory": [],
  "finalBeliefs": {
    "a1": 0.18666507120052,
    "a2": -1,
    "a3": 0.011034517869457638,
    "a4": 0.7646565102424795,
    "a5": -0.35963347830991865
  }
}