{
  "runId": "fraud_C_content_driven_2",
  "group": "C",
  "runIndex": 2,
  "speakMode": "content_driven",
  "timestamp": "2026-07-18T14:07:18.986Z",
  "kendallTau": 0.8,
  "decisionQuality": 90,
  "totalRounds": 8,
  "totalUtterances": 17,
  "converged": false,
  "terminationReason": "crystallized (连续 3 次结晶态（R=0.982, T=0.122, H=0.311），系统已冻结)",
  "thermoHistory": [
    {
      "R": 0.7712618513728489,
      "T": 0.44661213597482996,
      "H": 0.6554587535412855,
      "F": 0.5214739825896243,
      "utteranceCount": 5,
      "evalIndex": 0
    },
    {
      "R": 0.9775828761528894,
      "T": 0.13531587974186532,
      "H": 0.31091750708257115,
      "F": 0.06448919984513635,
      "utteranceCount": 10,
      "evalIndex": 1
    },
    {
      "R": 0.970046794212131,
      "T": 0.1567832762844293,
      "H": 0.31091750708257115,
      "F": 0.07869987120246173,
      "utteranceCount": 14,
      "evalIndex": 2
    },
    {
      "R": 0.981872431540514,
      "T": 0.12169509970267557,
      "H": 0.31091750708257115,
      "F": 0.05596470548320688,
      "utteranceCount": 17,
      "evalIndex": 3
    }
  ],
  "finalBeliefs": {
    "a1": 0.1462302865268979,
    "a2": -0.07631803218927563,
    "a3": 0.30425423216475,
    "a4": 0.15643897628130285,
    "a5": 0.14775500421055443
  }
}