{
  "runId": "fraud_D_content_driven_6",
  "group": "D",
  "runIndex": 6,
  "speakMode": "content_driven",
  "timestamp": "2026-07-16T12:50:13.084Z",
  "kendallTau": 0.4,
  "decisionQuality": 70,
  "totalRounds": 15,
  "totalUtterances": 40,
  "converged": false,
  "terminationReason": "completed",
  "thermoHistory": [],
  "finalBeliefs": {
    "a1": 0.6060256763369476,
    "a2": -0.8013423342374123,
    "a3": 0.9088904917002175,
    "a4": 0.6073444185935685,
    "a5": 0.6313836670254629
  }
}