{
  "runId": "fraud_D_5",
  "group": "D",
  "runIndex": 5,
  "speakMode": "random_prob",
  "timestamp": "2026-07-16T05:38:50.246Z",
  "kendallTau": 0.8,
  "decisionQuality": 90,
  "totalRounds": 16,
  "totalUtterances": 30,
  "converged": true,
  "terminationReason": "completed",
  "thermoHistory": [],
  "finalBeliefs": {
    "a1": 0.138864463533321,
    "a2": 0.008731017573124979,
    "a3": -0.16327094144982712,
    "a4": -0.10754551266380227,
    "a5": 0.10594849550000002
  }
}