{
  "runId": "fraud_C_9",
  "group": "C",
  "runIndex": 9,
  "speakMode": "random_prob",
  "timestamp": "2026-07-16T05:28:59.046Z",
  "kendallTau": 0.6,
  "decisionQuality": 80,
  "totalRounds": 7,
  "totalUtterances": 15,
  "converged": false,
  "terminationReason": "crystallized (连续 2 次结晶态（R=0.985, T=0.112, H=0.311），系统已冻结)",
  "thermoHistory": [
    {
      "R": 0.6871489258296781,
      "T": 0.5760888820312365,
      "H": 0.31091750708257115,
      "F": 0.49196719322945937,
      "utteranceCount": 5,
      "evalIndex": 0
    },
    {
      "R": 0.8741536839170863,
      "T": 0.3318202723957022,
      "H": 0.5904362833084089,
      "F": 0.321765044442616,
      "utteranceCount": 9,
      "evalIndex": 1
    },
    {
      "R": 0.9818467760118157,
      "T": 0.12170335138244336,
      "H": 0,
      "F": 0.01815322398818431,
      "utteranceCount": 12,
      "evalIndex": 2
    },
    {
      "R": 0.9847178953529484,
      "T": 0.11159629955635701,
      "H": 0.31091750708257115,
      "F": 0.04997934790475396,
      "utteranceCount": 15,
      "evalIndex": 3
    }
  ],
  "finalBeliefs": {
    "a1": 0.2972752774047458,
    "a2": 0.38130209138139115,
    "a3": 0.16309202303199988,
    "a4": 0.2824723568443503,
    "a5": 0.4990916866148343
  }
}