{
  "runId": "fraud_D_9",
  "group": "D",
  "runIndex": 9,
  "speakMode": "random_prob",
  "timestamp": "2026-07-16T05:46:08.177Z",
  "kendallTau": 0.8,
  "decisionQuality": 90,
  "totalRounds": 17,
  "totalUtterances": 30,
  "converged": false,
  "terminationReason": "completed",
  "thermoHistory": [],
  "finalBeliefs": {
    "a1": 0.5504556210202565,
    "a2": 0.7231888816525843,
    "a3": 0.6290575443812448,
    "a4": 0.8444994852158416,
    "a5": 0.855655516153164
  }
}