{
  "runId": "fraud_C_content_driven_7",
  "group": "C",
  "runIndex": 7,
  "speakMode": "content_driven",
  "timestamp": "2026-07-18T14:12:41.874Z",
  "kendallTau": 1,
  "decisionQuality": 100,
  "totalRounds": 3,
  "totalUtterances": 9,
  "converged": false,
  "terminationReason": "strong_crystallized (强结晶态（R=0.993, T=0.073, H=0.000），立即终止（不可逆收敛）)",
  "thermoHistory": [
    {
      "R": 0.981337668466837,
      "T": 0.12342496259739778,
      "H": 0.31091750708257115,
      "F": 0.057037313215705494,
      "utteranceCount": 5,
      "evalIndex": 0
    },
    {
      "R": 0.9933992734383332,
      "T": 0.0732554191356274,
      "H": 0,
      "F": 0.00660072656166677,
      "utteranceCount": 9,
      "evalIndex": 1
    }
  ],
  "finalBeliefs": {
    "a1": -0.13384452236239516,
    "a2": -0.13213811788090332,
    "a3": -0.16900051160316168,
    "a4": -0.08959527696646617,
    "a5": 0.04084408870905962
  }
}