{
  "runId": "fraud_C_content_driven_8",
  "group": "C",
  "runIndex": 8,
  "speakMode": "content_driven",
  "timestamp": "2026-07-18T14:13:19.327Z",
  "kendallTau": 0.4,
  "decisionQuality": 70,
  "totalRounds": 3,
  "totalUtterances": 10,
  "converged": false,
  "terminationReason": "strong_crystallized (强结晶态（R=0.993, T=0.075, H=0.000），立即终止（不可逆收敛）)",
  "thermoHistory": [
    {
      "R": 0.8494288515263312,
      "T": 0.36580620880460735,
      "H": 0.5904362833084089,
      "F": 0.36655640681140095,
      "utteranceCount": 5,
      "evalIndex": 0
    },
    {
      "R": 0.9931240765160414,
      "T": 0.07471387520872118,
      "H": 0,
      "F": 0.006875923483958601,
      "utteranceCount": 10,
      "evalIndex": 1
    }
  ],
  "finalBeliefs": {
    "a1": -0.43342600000000003,
    "a2": -0.2733758428000001,
    "a3": -0.362613569,
    "a4": -0.41030599999999995,
    "a5": -0.24308094953772513
  }
}