{
  "runId": "fraud_C_content_driven_6",
  "group": "C",
  "runIndex": 6,
  "speakMode": "content_driven",
  "timestamp": "2026-07-18T14:12:06.243Z",
  "kendallTau": 0.8,
  "decisionQuality": 90,
  "totalRounds": 2,
  "totalUtterances": 8,
  "converged": false,
  "terminationReason": "strong_crystallized (强结晶态（R=0.990, T=0.090, H=0.000），立即终止（不可逆收敛）)",
  "thermoHistory": [
    {
      "R": 0.8773718333035931,
      "T": 0.3245121877526328,
      "H": 0.5904362833084089,
      "F": 0.31423193672135197,
      "utteranceCount": 5,
      "evalIndex": 0
    },
    {
      "R": 0.990076932467274,
      "T": 0.08989291905171594,
      "H": 0,
      "F": 0.009923067532725982,
      "utteranceCount": 8,
      "evalIndex": 1
    }
  ],
  "finalBeliefs": {
    "a1": 0.5773321430824034,
    "a2": 0.3541036968,
    "a3": 0.3780737814,
    "a4": 0.4070621800000002,
    "a5": 0.3189321430824035
  }
}