{
  "runId": "fraud_C_content_driven_3",
  "group": "C",
  "runIndex": 3,
  "speakMode": "content_driven",
  "timestamp": "2026-07-16T10:21:08.111Z",
  "kendallTau": 0.4,
  "decisionQuality": 70,
  "totalRounds": 8,
  "totalUtterances": 17,
  "converged": false,
  "terminationReason": "crystallized (连续 2 次结晶态（R=0.972, T=0.152, H=0.311），系统已冻结)",
  "thermoHistory": [
    {
      "R": 0.6888413763965929,
      "T": 0.5465788052970952,
      "H": 0.5904362833084089,
      "F": 0.6338785819381745,
      "utteranceCount": 5,
      "evalIndex": 0
    },
    {
      "R": 0.9496519399749982,
      "T": 0.2033149236499937,
      "H": 0.6554587535412855,
      "F": 0.1836126064569683,
      "utteranceCount": 9,
      "evalIndex": 1
    },
    {
      "R": 0.9716788428184948,
      "T": 0.1519688221603568,
      "H": 0.31091750708257115,
      "F": 0.07557092452187791,
      "utteranceCount": 12,
      "evalIndex": 2
    },
    {
      "R": 0.9715952548361685,
      "T": 0.15229586238435922,
      "H": 0.31091750708257115,
      "F": 0.07575619503536679,
      "utteranceCount": 17,
      "evalIndex": 3
    }
  ],
  "finalBeliefs": {
    "a1": 0.34445717795801006,
    "a2": 0.2914161861361904,
    "a3": 0.482420763296226,
    "a4": 0.7014430703082701,
    "a5": 0.5941495147267812
  }
}